Case,CC3,Country,Year,Banking Crisis ,Banking_Crisis_Notes,Systemic Crisis,Gold Standard,exch_usd,exch_usd_alt1,exch_usd_alt2,exch_usd_alt3,conversion_notes,national currency,exch_primary source code,exch_sources,Domestic_Debt_In_Default,Domestic_Debt_ Notes/Sources,"SOVEREIGN EXTERNAL DEBT 1: DEFAULT and RESTRUCTURINGS, 1800-2012--Does not include defaults on WWI debt to United States and United Kingdom and post-1975 defaults on Official External Creditors","SOVEREIGN EXTERNAL DEBT 2: DEFAULT and RESTRUCTURINGS, 1800-2012--Does not include defaults on WWI debt to United States and United Kingdom but includes post-1975 defaults on Official External Creditors",Defaults_External_Notes,GDP_Weighted_default,<,"Inflation, Annual percentages of average consumer prices",Independence,Currency Crises,Inflation Crises
31,IDN,Indonesia,1801,0,,0,0,,,,,Series already adjusted for 100-to-1 conversion here; National currency per USD,"1817-1949-Netherlands East Indies guilder, 1949-present-Rupiah",IDXRXDE.,Primary source is US dollar level; alt1 series is adjusted series US dollar level.,0,,0,0,,0,n/a,,0,0,0
31,IDN,Indonesia,1802,0,,0,0,,,,,Series already adjusted for 100-to-1 conversion here; National currency per USD,"1817-1949-Netherlands East Indies guilder, 1949-present-Rupiah",IDXRXDE.,Primary source is US dollar level; alt1 series is adjusted series US dollar level.,0,,0,0,,0,n/a,,0,0,0
31,IDN,Indonesia,1803,0,,0,0,,,,,Series already adjusted for 100-to-1 conversion here; National currency per USD,"1817-1949-Netherlands East Indies guilder, 1949-present-Rupiah",IDXRXDE.,Primary source is US dollar level; alt1 series is adjusted series US dollar level.,0,,0,0,,0,n/a,,0,0,0
31,IDN,Indonesia,1804,0,,0,0,,,,,Series already adjusted for 100-to-1 conversion here; National currency per USD,"1817-1949-Netherlands East Indies guilder, 1949-present-Rupiah",IDXRXDE.,Primary source is US dollar level; alt1 series is adjusted series US dollar level.,0,,0,0,,0,n/a,,0,0,0
31,IDN,Indonesia,1805,0,,0,0,,,,,Series already adjusted for 100-to-1 conversion here; National currency per USD,"1817-1949-Netherlands East Indies guilder, 1949-present-Rupiah",IDXRXDE.,Primary source is US dollar level; alt1 series is adjusted series US dollar level.,0,,0,0,,0,n/a,,0,0,0
31,IDN,Indonesia,1806,0,,0,0,,,,,Series already adjusted for 100-to-1 conversion here; National currency per USD,"1817-1949-Netherlands East Indies guilder, 1949-present-Rupiah",IDXRXDE.,Primary source is US dollar level; alt1 series is adjusted series US dollar level.,0,,0,0,,0,n/a,,0,0,0
31,IDN,Indonesia,1807,0,,0,0,,,,,Series already adjusted for 100-to-1 conversion here; National currency per USD,"1817-1949-Netherlands East Indies guilder, 1949-present-Rupiah",IDXRXDE.,Primary source is US dollar level; alt1 series is adjusted series US dollar level.,0,,0,0,,0,n/a,,0,0,0
31,IDN,Indonesia,1808,0,,0,0,,,,,Series already adjusted for 100-to-1 conversion here; National currency per USD,"1817-1949-Netherlands East Indies guilder, 1949-present-Rupiah",IDXRXDE.,Primary source is US dollar level; alt1 series is adjusted series US dollar level.,0,,0,0,,0,n/a,,0,0,0
31,IDN,Indonesia,1809,0,,0,0,,,,,Series already adjusted for 100-to-1 conversion here; National currency per USD,"1817-1949-Netherlands East Indies guilder, 1949-present-Rupiah",IDXRXDE.,Primary source is US dollar level; alt1 series is adjusted series US dollar level.,0,,0,0,,0,n/a,,0,0,0
31,IDN,Indonesia,1810,0,,0,0,,,,,Series already adjusted for 100-to-1 conversion here; National currency per USD,"1817-1949-Netherlands East Indies guilder, 1949-present-Rupiah",IDXRXDE.,Primary source is US dollar level; alt1 series is adjusted series US dollar level.,0,,0,0,,0,n/a,,0,0,0
31,IDN,Indonesia,1811,0,,0,0,,,,,Series already adjusted for 100-to-1 conversion here; National currency per USD,"1817-1949-Netherlands East Indies guilder, 1949-present-Rupiah",IDXRXDE.,Primary source is US dollar level; alt1 series is adjusted series US dollar level.,0,,0,0,,0,n/a,,0,0,0
31,IDN,Indonesia,1812,0,,0,0,,,,,Series already adjusted for 100-to-1 conversion here; National currency per USD,"1817-1949-Netherlands East Indies guilder, 1949-present-Rupiah",IDXRXDE.,Primary source is US dollar level; alt1 series is adjusted series US dollar level.,0,,0,0,,0,n/a,,0,0,0
31,IDN,Indonesia,1813,0,,0,0,,,,,Series already adjusted for 100-to-1 conversion here; National currency per USD,"1817-1949-Netherlands East Indies guilder, 1949-present-Rupiah",IDXRXDE.,Primary source is US dollar level; alt1 series is adjusted series US dollar level.,0,,0,0,,0,n/a,,0,0,0
31,IDN,Indonesia,1814,0,,0,0,,,,,Series already adjusted for 100-to-1 conversion here; National currency per USD,"1817-1949-Netherlands East Indies guilder, 1949-present-Rupiah",IDXRXDE.,Primary source is US dollar level; alt1 series is adjusted series US dollar level.,0,,0,0,,0,n/a,,0,0,0
31,IDN,Indonesia,1815,0,,0,0,,,,,Series already adjusted for 100-to-1 conversion here; National currency per USD,"1817-1949-Netherlands East Indies guilder, 1949-present-Rupiah",IDXRXDE.,Primary source is US dollar level; alt1 series is adjusted series US dollar level.,0,,0,0,,0,n/a,,0,0,0
31,IDN,Indonesia,1816,0,,0,0,,,,,Series already adjusted for 100-to-1 conversion here; National currency per USD,"1817-1949-Netherlands East Indies guilder, 1949-present-Rupiah",IDXRXDE.,Primary source is US dollar level; alt1 series is adjusted series US dollar level.,0,,0,0,,0,n/a,,0,0,0
31,IDN,Indonesia,1817,0,,0,0,,,,,Series already adjusted for 100-to-1 conversion here; National currency per USD,"1817-1949-Netherlands East Indies guilder, 1949-present-Rupiah",IDXRXDE.,Primary source is US dollar level; alt1 series is adjusted series US dollar level.,0,,0,0,,0,n/a,,0,0,0
31,IDN,Indonesia,1818,0,,0,0,,,,,Series already adjusted for 100-to-1 conversion here; National currency per USD,"1817-1949-Netherlands East Indies guilder, 1949-present-Rupiah",IDXRXDE.,Primary source is US dollar level; alt1 series is adjusted series US dollar level.,0,,0,0,,0,n/a,,0,0,0
31,IDN,Indonesia,1819,0,,0,0,,,,,Series already adjusted for 100-to-1 conversion here; National currency per USD,"1817-1949-Netherlands East Indies guilder, 1949-present-Rupiah",IDXRXDE.,Primary source is US dollar level; alt1 series is adjusted series US dollar level.,0,,0,0,,0,n/a,77.1,0,0,1
31,IDN,Indonesia,1820,0,,0,0,,,,,Series already adjusted for 100-to-1 conversion here; National currency per USD,"1817-1949-Netherlands East Indies guilder, 1949-present-Rupiah",IDXRXDE.,Primary source is US dollar level; alt1 series is adjusted series US dollar level.,0,,0,0,,0,n/a,18.2,0,0,0
31,IDN,Indonesia,1821,0,,0,0,,,,,Series already adjusted for 100-to-1 conversion here; National currency per USD,"1817-1949-Netherlands East Indies guilder, 1949-present-Rupiah",IDXRXDE.,Primary source is US dollar level; alt1 series is adjusted series US dollar level.,0,,0,0,,0,n/a,16.0,0,0,0
31,IDN,Indonesia,1822,0,,0,0,,,,,Series already adjusted for 100-to-1 conversion here; National currency per USD,"1817-1949-Netherlands East Indies guilder, 1949-present-Rupiah",IDXRXDE.,Primary source is US dollar level; alt1 series is adjusted series US dollar level.,0,,0,0,,0,n/a,-4.8,0,0,0
31,IDN,Indonesia,1823,0,,0,0,,,,,Series already adjusted for 100-to-1 conversion here; National currency per USD,"1817-1949-Netherlands East Indies guilder, 1949-present-Rupiah",IDXRXDE.,Primary source is US dollar level; alt1 series is adjusted series US dollar level.,0,,0,0,,0,n/a,-11.8,0,0,0
31,IDN,Indonesia,1824,0,,0,0,,,,,Series already adjusted for 100-to-1 conversion here; National currency per USD,"1817-1949-Netherlands East Indies guilder, 1949-present-Rupiah",IDXRXDE.,Primary source is US dollar level; alt1 series is adjusted series US dollar level.,0,,0,0,,0,n/a,-6.1,0,0,0
31,IDN,Indonesia,1825,0,,0,0,,,,,Series already adjusted for 100-to-1 conversion here; National currency per USD,"1817-1949-Netherlands East Indies guilder, 1949-present-Rupiah",IDXRXDE.,Primary source is US dollar level; alt1 series is adjusted series US dollar level.,0,,0,0,,0,n/a,21.6,0,0,1
31,IDN,Indonesia,1826,0,,0,0,,,,,Series already adjusted for 100-to-1 conversion here; National currency per USD,"1817-1949-Netherlands East Indies guilder, 1949-present-Rupiah",IDXRXDE.,Primary source is US dollar level; alt1 series is adjusted series US dollar level.,0,,0,0,,0,n/a,0.6,0,0,0
31,IDN,Indonesia,1827,0,,0,0,,,,,Series already adjusted for 100-to-1 conversion here; National currency per USD,"1817-1949-Netherlands East Indies guilder, 1949-present-Rupiah",IDXRXDE.,Primary source is US dollar level; alt1 series is adjusted series US dollar level.,0,,0,0,,0,n/a,-26.5,0,0,0
31,IDN,Indonesia,1828,0,,0,0,,,,,Series already adjusted for 100-to-1 conversion here; National currency per USD,"1817-1949-Netherlands East Indies guilder, 1949-present-Rupiah",IDXRXDE.,Primary source is US dollar level; alt1 series is adjusted series US dollar level.,0,,0,0,,0,n/a,12.1,0,0,0
31,IDN,Indonesia,1829,0,,0,0,,,,,Series already adjusted for 100-to-1 conversion here; National currency per USD,"1817-1949-Netherlands East Indies guilder, 1949-present-Rupiah",IDXRXDE.,Primary source is US dollar level; alt1 series is adjusted series US dollar level.,0,,0,0,,0,n/a,-4.1,0,0,0
31,IDN,Indonesia,1830,0,,0,0,,,,,Series already adjusted for 100-to-1 conversion here; National currency per USD,"1817-1949-Netherlands East Indies guilder, 1949-present-Rupiah",IDXRXDE.,Primary source is US dollar level; alt1 series is adjusted series US dollar level.,0,,0,0,,0,n/a,1.6,0,0,0
31,IDN,Indonesia,1831,0,,0,0,,,,,Series already adjusted for 100-to-1 conversion here; National currency per USD,"1817-1949-Netherlands East Indies guilder, 1949-present-Rupiah",IDXRXDE.,Primary source is US dollar level; alt1 series is adjusted series US dollar level.,0,,0,0,,0,n/a,1.2,0,0,0
31,IDN,Indonesia,1832,0,,0,0,,,,,Series already adjusted for 100-to-1 conversion here; National currency per USD,"1817-1949-Netherlands East Indies guilder, 1949-present-Rupiah",IDXRXDE.,Primary source is US dollar level; alt1 series is adjusted series US dollar level.,0,,0,0,,0,n/a,10.1,0,0,0
31,IDN,Indonesia,1833,0,,0,0,,,,,Series already adjusted for 100-to-1 conversion here; National currency per USD,"1817-1949-Netherlands East Indies guilder, 1949-present-Rupiah",IDXRXDE.,Primary source is US dollar level; alt1 series is adjusted series US dollar level.,0,,0,0,,0,n/a,-3.7,0,0,0
31,IDN,Indonesia,1834,0,,0,0,,,,,Series already adjusted for 100-to-1 conversion here; National currency per USD,"1817-1949-Netherlands East Indies guilder, 1949-present-Rupiah",IDXRXDE.,Primary source is US dollar level; alt1 series is adjusted series US dollar level.,0,,0,0,,0,n/a,8.5,0,0,0
31,IDN,Indonesia,1835,0,,0,0,,,,,Series already adjusted for 100-to-1 conversion here; National currency per USD,"1817-1949-Netherlands East Indies guilder, 1949-present-Rupiah",IDXRXDE.,Primary source is US dollar level; alt1 series is adjusted series US dollar level.,0,,0,0,,0,n/a,-1.8,0,0,0
31,IDN,Indonesia,1836,0,,0,0,,,,,Series already adjusted for 100-to-1 conversion here; National currency per USD,"1817-1949-Netherlands East Indies guilder, 1949-present-Rupiah",IDXRXDE.,Primary source is US dollar level; alt1 series is adjusted series US dollar level.,0,,0,0,,0,n/a,-5.2,0,0,0
31,IDN,Indonesia,1837,0,,0,0,,,,,Series already adjusted for 100-to-1 conversion here; National currency per USD,"1817-1949-Netherlands East Indies guilder, 1949-present-Rupiah",IDXRXDE.,Primary source is US dollar level; alt1 series is adjusted series US dollar level.,0,,0,0,,0,n/a,-9.3,0,0,0
31,IDN,Indonesia,1838,0,,0,0,,,,,Series already adjusted for 100-to-1 conversion here; National currency per USD,"1817-1949-Netherlands East Indies guilder, 1949-present-Rupiah",IDXRXDE.,Primary source is US dollar level; alt1 series is adjusted series US dollar level.,0,,0,0,,0,n/a,1.0,0,0,0
31,IDN,Indonesia,1839,0,,0,0,,,,,Series already adjusted for 100-to-1 conversion here; National currency per USD,"1817-1949-Netherlands East Indies guilder, 1949-present-Rupiah",IDXRXDE.,Primary source is US dollar level; alt1 series is adjusted series US dollar level.,0,,0,0,,0,n/a,17.0,0,0,0
31,IDN,Indonesia,1840,0,,0,0,,,,,Series already adjusted for 100-to-1 conversion here; National currency per USD,"1817-1949-Netherlands East Indies guilder, 1949-present-Rupiah",IDXRXDE.,Primary source is US dollar level; alt1 series is adjusted series US dollar level.,0,,0,0,,0,n/a,-4.5,0,0,0
31,IDN,Indonesia,1841,0,,0,0,,,,,Series already adjusted for 100-to-1 conversion here; National currency per USD,"1817-1949-Netherlands East Indies guilder, 1949-present-Rupiah",IDXRXDE.,Primary source is US dollar level; alt1 series is adjusted series US dollar level.,0,,0,0,,0,n/a,-3.7,0,0,0
31,IDN,Indonesia,1842,0,,0,0,,,,,Series already adjusted for 100-to-1 conversion here; National currency per USD,"1817-1949-Netherlands East Indies guilder, 1949-present-Rupiah",IDXRXDE.,Primary source is US dollar level; alt1 series is adjusted series US dollar level.,0,,0,0,,0,n/a,10.0,0,0,0
31,IDN,Indonesia,1843,0,,0,0,,,,,Series already adjusted for 100-to-1 conversion here; National currency per USD,"1817-1949-Netherlands East Indies guilder, 1949-present-Rupiah",IDXRXDE.,Primary source is US dollar level; alt1 series is adjusted series US dollar level.,0,,0,0,,0,n/a,-6.2,0,0,0
31,IDN,Indonesia,1844,0,,0,0,,,,,Series already adjusted for 100-to-1 conversion here; National currency per USD,"1817-1949-Netherlands East Indies guilder, 1949-present-Rupiah",IDXRXDE.,Primary source is US dollar level; alt1 series is adjusted series US dollar level.,0,,0,0,,0,n/a,11.6,0,0,0
31,IDN,Indonesia,1845,0,,0,0,,,,,Series already adjusted for 100-to-1 conversion here; National currency per USD,"1817-1949-Netherlands East Indies guilder, 1949-present-Rupiah",IDXRXDE.,Primary source is US dollar level; alt1 series is adjusted series US dollar level.,0,,0,0,,0,n/a,16.1,0,0,0
31,IDN,Indonesia,1846,0,,0,0,,,,,Series already adjusted for 100-to-1 conversion here; National currency per USD,"1817-1949-Netherlands East Indies guilder, 1949-present-Rupiah",IDXRXDE.,Primary source is US dollar level; alt1 series is adjusted series US dollar level.,0,,0,0,,0,n/a,-11.4,0,0,0
31,IDN,Indonesia,1847,0,,0,0,,,,,Series already adjusted for 100-to-1 conversion here; National currency per USD,"1817-1949-Netherlands East Indies guilder, 1949-present-Rupiah",IDXRXDE.,Primary source is US dollar level; alt1 series is adjusted series US dollar level.,0,,0,0,,0,n/a,-10.6,0,0,0
31,IDN,Indonesia,1848,0,,0,0,,,,,Series already adjusted for 100-to-1 conversion here; National currency per USD,"1817-1949-Netherlands East Indies guilder, 1949-present-Rupiah",IDXRXDE.,Primary source is US dollar level; alt1 series is adjusted series US dollar level.,0,,0,0,,0,n/a,-7.2,0,0,0
31,IDN,Indonesia,1849,0,,0,0,,,,,Series already adjusted for 100-to-1 conversion here; National currency per USD,"1817-1949-Netherlands East Indies guilder, 1949-present-Rupiah",IDXRXDE.,Primary source is US dollar level; alt1 series is adjusted series US dollar level.,0,,0,0,,0,n/a,6.2,0,0,0
31,IDN,Indonesia,1850,0,,0,0,,,,,Series already adjusted for 100-to-1 conversion here; National currency per USD,"1817-1949-Netherlands East Indies guilder, 1949-present-Rupiah",IDXRXDE.,Primary source is US dollar level; alt1 series is adjusted series US dollar level.,0,,0,0,,0,n/a,-1.5,0,0,0
31,IDN,Indonesia,1851,0,,0,0,,,,,Series already adjusted for 100-to-1 conversion here; National currency per USD,"1817-1949-Netherlands East Indies guilder, 1949-present-Rupiah",IDXRXDE.,Primary source is US dollar level; alt1 series is adjusted series US dollar level.,0,,0,0,,0,n/a,10.3,0,0,0
31,IDN,Indonesia,1852,0,,0,0,,,,,Series already adjusted for 100-to-1 conversion here; National currency per USD,"1817-1949-Netherlands East Indies guilder, 1949-present-Rupiah",IDXRXDE.,Primary source is US dollar level; alt1 series is adjusted series US dollar level.,0,,0,0,,0,n/a,-4.3,0,0,0
31,IDN,Indonesia,1853,0,,0,0,,,,,Series already adjusted for 100-to-1 conversion here; National currency per USD,"1817-1949-Netherlands East Indies guilder, 1949-present-Rupiah",IDXRXDE.,Primary source is US dollar level; alt1 series is adjusted series US dollar level.,0,,0,0,,0,n/a,-6.6,0,0,0
31,IDN,Indonesia,1854,0,,0,0,,,,,Series already adjusted for 100-to-1 conversion here; National currency per USD,"1817-1949-Netherlands East Indies guilder, 1949-present-Rupiah",IDXRXDE.,Primary source is US dollar level; alt1 series is adjusted series US dollar level.,0,,0,0,,0,n/a,20.8,0,0,1
31,IDN,Indonesia,1855,0,,0,0,,,,,Series already adjusted for 100-to-1 conversion here; National currency per USD,"1817-1949-Netherlands East Indies guilder, 1949-present-Rupiah",IDXRXDE.,Primary source is US dollar level; alt1 series is adjusted series US dollar level.,0,,0,0,,0,n/a,4.0,0,0,0
31,IDN,Indonesia,1856,0,,0,0,,,,,Series already adjusted for 100-to-1 conversion here; National currency per USD,"1817-1949-Netherlands East Indies guilder, 1949-present-Rupiah",IDXRXDE.,Primary source is US dollar level; alt1 series is adjusted series US dollar level.,0,,0,0,,0,n/a,-18.2,0,0,0
31,IDN,Indonesia,1857,0,,0,0,,,,,Series already adjusted for 100-to-1 conversion here; National currency per USD,"1817-1949-Netherlands East Indies guilder, 1949-present-Rupiah",IDXRXDE.,Primary source is US dollar level; alt1 series is adjusted series US dollar level.,0,,0,0,,0,n/a,45.6,0,0,1
31,IDN,Indonesia,1858,0,,0,0,,,,,Series already adjusted for 100-to-1 conversion here; National currency per USD,"1817-1949-Netherlands East Indies guilder, 1949-present-Rupiah",IDXRXDE.,Primary source is US dollar level; alt1 series is adjusted series US dollar level.,0,,0,0,,0,n/a,-29.2,0,0,0
31,IDN,Indonesia,1859,0,,0,0,,,,,Series already adjusted for 100-to-1 conversion here; National currency per USD,"1817-1949-Netherlands East Indies guilder, 1949-present-Rupiah",IDXRXDE.,Primary source is US dollar level; alt1 series is adjusted series US dollar level.,0,,0,0,,0,n/a,14.5,0,0,0
31,IDN,Indonesia,1860,0,,0,0,,,,,Series already adjusted for 100-to-1 conversion here; National currency per USD,"1817-1949-Netherlands East Indies guilder, 1949-present-Rupiah",IDXRXDE.,Primary source is US dollar level; alt1 series is adjusted series US dollar level.,0,,0,0,,0,n/a,-6.9,0,0,0
31,IDN,Indonesia,1861,0,,0,0,,,,,Series already adjusted for 100-to-1 conversion here; National currency per USD,"1817-1949-Netherlands East Indies guilder, 1949-present-Rupiah",IDXRXDE.,Primary source is US dollar level; alt1 series is adjusted series US dollar level.,0,,0,0,,0,n/a,4.0,0,0,0
31,IDN,Indonesia,1862,0,,0,0,,,,,Series already adjusted for 100-to-1 conversion here; National currency per USD,"1817-1949-Netherlands East Indies guilder, 1949-present-Rupiah",IDXRXDE.,Primary source is US dollar level; alt1 series is adjusted series US dollar level.,0,,0,0,,0,n/a,14.4,0,0,0
31,IDN,Indonesia,1863,0,,0,0,,,,,Series already adjusted for 100-to-1 conversion here; National currency per USD,"1817-1949-Netherlands East Indies guilder, 1949-present-Rupiah",IDXRXDE.,Primary source is US dollar level; alt1 series is adjusted series US dollar level.,0,,0,0,,0,n/a,9.7,0,0,0
31,IDN,Indonesia,1864,0,,0,0,,,,,Series already adjusted for 100-to-1 conversion here; National currency per USD,"1817-1949-Netherlands East Indies guilder, 1949-present-Rupiah",IDXRXDE.,Primary source is US dollar level; alt1 series is adjusted series US dollar level.,0,,0,0,,0,n/a,-12.7,0,0,0
31,IDN,Indonesia,1865,0,,0,0,,,,,Series already adjusted for 100-to-1 conversion here; National currency per USD,"1817-1949-Netherlands East Indies guilder, 1949-present-Rupiah",IDXRXDE.,Primary source is US dollar level; alt1 series is adjusted series US dollar level.,0,,0,0,,0,n/a,21.8,0,0,1
31,IDN,Indonesia,1866,0,,0,0,,,,,Series already adjusted for 100-to-1 conversion here; National currency per USD,"1817-1949-Netherlands East Indies guilder, 1949-present-Rupiah",IDXRXDE.,Primary source is US dollar level; alt1 series is adjusted series US dollar level.,0,,0,0,,0,n/a,7.7,0,0,0
31,IDN,Indonesia,1867,0,,0,0,,,,,Series already adjusted for 100-to-1 conversion here; National currency per USD,"1817-1949-Netherlands East Indies guilder, 1949-present-Rupiah",IDXRXDE.,Primary source is US dollar level; alt1 series is adjusted series US dollar level.,0,,0,0,,0,n/a,-28.3,0,0,0
31,IDN,Indonesia,1868,0,,0,0,,,,,Series already adjusted for 100-to-1 conversion here; National currency per USD,"1817-1949-Netherlands East Indies guilder, 1949-present-Rupiah",IDXRXDE.,Primary source is US dollar level; alt1 series is adjusted series US dollar level.,0,,0,0,,0,n/a,-10.2,0,0,0
31,IDN,Indonesia,1869,0,,0,0,,,,,Series already adjusted for 100-to-1 conversion here; National currency per USD,"1817-1949-Netherlands East Indies guilder, 1949-present-Rupiah",IDXRXDE.,Primary source is US dollar level; alt1 series is adjusted series US dollar level.,0,,0,0,,0,n/a,5.7,0,0,0
31,IDN,Indonesia,1870,0,,0,0,,,,,Series already adjusted for 100-to-1 conversion here; National currency per USD,"1817-1949-Netherlands East Indies guilder, 1949-present-Rupiah",IDXRXDE.,Primary source is US dollar level; alt1 series is adjusted series US dollar level.,0,,0,0,,0,n/a,-4.1,0,0,0
31,IDN,Indonesia,1871,0,,0,0,,,,,Series already adjusted for 100-to-1 conversion here; National currency per USD,"1817-1949-Netherlands East Indies guilder, 1949-present-Rupiah",IDXRXDE.,Primary source is US dollar level; alt1 series is adjusted series US dollar level.,0,,0,0,,0,n/a,3.4,0,0,0
31,IDN,Indonesia,1872,0,,0,0,,,,,Series already adjusted for 100-to-1 conversion here; National currency per USD,"1817-1949-Netherlands East Indies guilder, 1949-present-Rupiah",IDXRXDE.,Primary source is US dollar level; alt1 series is adjusted series US dollar level.,0,,0,0,,0,n/a,31.1,0,0,1
31,IDN,Indonesia,1873,0,,0,0,,,,,Series already adjusted for 100-to-1 conversion here; National currency per USD,"1817-1949-Netherlands East Indies guilder, 1949-present-Rupiah",IDXRXDE.,Primary source is US dollar level; alt1 series is adjusted series US dollar level.,0,,0,0,,0,n/a,-4.6,0,0,0
31,IDN,Indonesia,1874,0,,0,0,,,,,Series already adjusted for 100-to-1 conversion here; National currency per USD,"1817-1949-Netherlands East Indies guilder, 1949-present-Rupiah",IDXRXDE.,Primary source is US dollar level; alt1 series is adjusted series US dollar level.,0,,0,0,,0,n/a,1.3,0,0,0
31,IDN,Indonesia,1875,0,,0,1,,,,,Series already adjusted for 100-to-1 conversion here; National currency per USD,"1817-1949-Netherlands East Indies guilder, 1949-present-Rupiah",IDXRXDE.,Primary source is US dollar level; alt1 series is adjusted series US dollar level.,0,,0,0,,0,n/a,-10.0,0,0,0
31,IDN,Indonesia,1876,0,,0,1,2.4788,,,,Series already adjusted for 100-to-1 conversion here; National currency per USD,"1817-1949-Netherlands East Indies guilder, 1949-present-Rupiah",IDXRXDE.,Primary source is US dollar level; alt1 series is adjusted series US dollar level.,0,,0,0,,0,n/a,-3.0,0,0,0
31,IDN,Indonesia,1877,0,,0,1,2.5116,0.001,,,Series already adjusted for 100-to-1 conversion here; National currency per USD,"1817-1949-Netherlands East Indies guilder, 1949-present-Rupiah",IDXRXDE.,Primary source is US dollar level; alt1 series is adjusted series US dollar level.,0,,0,0,,0,n/a,3.2,0,0,0
31,IDN,Indonesia,1878,0,,0,1,2.485,0.001,,,Series already adjusted for 100-to-1 conversion here; National currency per USD,"1817-1949-Netherlands East Indies guilder, 1949-present-Rupiah",IDXRXDE.,Primary source is US dollar level; alt1 series is adjusted series US dollar level.,0,,0,0,,0,n/a,18.1,0,0,0
31,IDN,Indonesia,1879,0,,0,1,2.4759,0.001,,,Series already adjusted for 100-to-1 conversion here; National currency per USD,"1817-1949-Netherlands East Indies guilder, 1949-present-Rupiah",IDXRXDE.,Primary source is US dollar level; alt1 series is adjusted series US dollar level.,0,,0,0,,0,n/a,-11.2,0,0,0
31,IDN,Indonesia,1880,0,,0,1,2.5314,0.001,,,Series already adjusted for 100-to-1 conversion here; National currency per USD,"1817-1949-Netherlands East Indies guilder, 1949-present-Rupiah",IDXRXDE.,Primary source is US dollar level; alt1 series is adjusted series US dollar level.,0,,0,0,,0,n/a,1.5,0,0,0
31,IDN,Indonesia,1881,0,,0,1,2.4779,0.001,,,Series already adjusted for 100-to-1 conversion here; National currency per USD,"1817-1949-Netherlands East Indies guilder, 1949-present-Rupiah",IDXRXDE.,Primary source is US dollar level; alt1 series is adjusted series US dollar level.,0,,0,0,,0,n/a,-1.2,0,0,0
31,IDN,Indonesia,1882,0,,0,1,2.5022,0.001,,,Series already adjusted for 100-to-1 conversion here; National currency per USD,"1817-1949-Netherlands East Indies guilder, 1949-present-Rupiah",IDXRXDE.,Primary source is US dollar level; alt1 series is adjusted series US dollar level.,0,,0,0,,0,n/a,-4.1,0,0,0
31,IDN,Indonesia,1883,0,,0,1,2.4755,0.001,,,Series already adjusted for 100-to-1 conversion here; National currency per USD,"1817-1949-Netherlands East Indies guilder, 1949-present-Rupiah",IDXRXDE.,Primary source is US dollar level; alt1 series is adjusted series US dollar level.,0,,0,0,,0,n/a,-8.9,0,0,0
31,IDN,Indonesia,1884,0,,0,1,2.4988,0.001,,,Series already adjusted for 100-to-1 conversion here; National currency per USD,"1817-1949-Netherlands East Indies guilder, 1949-present-Rupiah",IDXRXDE.,Primary source is US dollar level; alt1 series is adjusted series US dollar level.,0,,0,0,,0,n/a,-20.3,0,0,0
31,IDN,Indonesia,1885,0,,0,1,2.4502,0.001,,,Series already adjusted for 100-to-1 conversion here; National currency per USD,"1817-1949-Netherlands East Indies guilder, 1949-present-Rupiah",IDXRXDE.,Primary source is US dollar level; alt1 series is adjusted series US dollar level.,0,,0,0,,0,n/a,-7.4,0,0,0
31,IDN,Indonesia,1886,0,,0,1,2.4783,0.001,,,Series already adjusted for 100-to-1 conversion here; National currency per USD,"1817-1949-Netherlands East Indies guilder, 1949-present-Rupiah",IDXRXDE.,Primary source is US dollar level; alt1 series is adjusted series US dollar level.,0,,0,0,,0,n/a,-1.4,0,0,0
31,IDN,Indonesia,1887,0,,0,1,2.4367,0.001,,,Series already adjusted for 100-to-1 conversion here; National currency per USD,"1817-1949-Netherlands East Indies guilder, 1949-present-Rupiah",IDXRXDE.,Primary source is US dollar level; alt1 series is adjusted series US dollar level.,0,,0,0,,0,n/a,-4.0,0,0,0
31,IDN,Indonesia,1888,0,,0,1,2.4571,0.001,,,Series already adjusted for 100-to-1 conversion here; National currency per USD,"1817-1949-Netherlands East Indies guilder, 1949-present-Rupiah",IDXRXDE.,Primary source is US dollar level; alt1 series is adjusted series US dollar level.,0,,0,0,,0,n/a,-0.1,0,0,0
31,IDN,Indonesia,1889,0,,0,1,2.4898,0.001,,,Series already adjusted for 100-to-1 conversion here; National currency per USD,"1817-1949-Netherlands East Indies guilder, 1949-present-Rupiah",IDXRXDE.,Primary source is US dollar level; alt1 series is adjusted series US dollar level.,0,,0,0,,0,n/a,0.4,0,0,0
31,IDN,Indonesia,1890,0,,0,1,2.4722,0.001,,,Series already adjusted for 100-to-1 conversion here; National currency per USD,"1817-1949-Netherlands East Indies guilder, 1949-present-Rupiah",IDXRXDE.,Primary source is US dollar level; alt1 series is adjusted series US dollar level.,0,,0,0,,0,n/a,10.8,0,0,0
31,IDN,Indonesia,1891,0,,0,1,2.4332,0.001,,,Series already adjusted for 100-to-1 conversion here; National currency per USD,"1817-1949-Netherlands East Indies guilder, 1949-present-Rupiah",IDXRXDE.,Primary source is US dollar level; alt1 series is adjusted series US dollar level.,0,,0,0,,0,n/a,1.5,0,0,0
31,IDN,Indonesia,1892,0,,0,1,2.5267,0.001,,,Series already adjusted for 100-to-1 conversion here; National currency per USD,"1817-1949-Netherlands East Indies guilder, 1949-present-Rupiah",IDXRXDE.,Primary source is US dollar level; alt1 series is adjusted series US dollar level.,0,,0,0,,0,n/a,13.8,0,0,0
31,IDN,Indonesia,1893,0,,0,1,2.4155,0.001,,,Series already adjusted for 100-to-1 conversion here; National currency per USD,"1817-1949-Netherlands East Indies guilder, 1949-present-Rupiah",IDXRXDE.,Primary source is US dollar level; alt1 series is adjusted series US dollar level.,0,,0,0,,0,n/a,-12.4,0,0,0
31,IDN,Indonesia,1894,0,,0,1,2.4778,0.001,,,Series already adjusted for 100-to-1 conversion here; National currency per USD,"1817-1949-Netherlands East Indies guilder, 1949-present-Rupiah",IDXRXDE.,Primary source is US dollar level; alt1 series is adjusted series US dollar level.,0,,0,0,,0,n/a,-7.7,0,0,0
31,IDN,Indonesia,1895,0,,0,1,2.527,0.001,,,Series already adjusted for 100-to-1 conversion here; National currency per USD,"1817-1949-Netherlands East Indies guilder, 1949-present-Rupiah",IDXRXDE.,Primary source is US dollar level; alt1 series is adjusted series US dollar level.,0,,0,0,,0,n/a,-10.2,0,0,0
31,IDN,Indonesia,1896,0,,0,1,2.5208,0.001,,,Series already adjusted for 100-to-1 conversion here; National currency per USD,"1817-1949-Netherlands East Indies guilder, 1949-present-Rupiah",IDXRXDE.,Primary source is US dollar level; alt1 series is adjusted series US dollar level.,0,,0,0,,0,n/a,2.1,0,0,0
31,IDN,Indonesia,1897,0,,0,1,2.5477,0.001,,,Series already adjusted for 100-to-1 conversion here; National currency per USD,"1817-1949-Netherlands East Indies guilder, 1949-present-Rupiah",IDXRXDE.,Primary source is US dollar level; alt1 series is adjusted series US dollar level.,0,,0,0,,0,n/a,36.0,0,0,1
31,IDN,Indonesia,1898,0,,0,1,2.4982,0.001,,,Series already adjusted for 100-to-1 conversion here; National currency per USD,"1817-1949-Netherlands East Indies guilder, 1949-present-Rupiah",IDXRXDE.,Primary source is US dollar level; alt1 series is adjusted series US dollar level.,0,,0,0,,0,n/a,-17.9,0,0,0
31,IDN,Indonesia,1899,0,,0,1,2.4706,0.001,,,Series already adjusted for 100-to-1 conversion here; National currency per USD,"1817-1949-Netherlands East Indies guilder, 1949-present-Rupiah",IDXRXDE.,Primary source is US dollar level; alt1 series is adjusted series US dollar level.,0,,0,0,,0,n/a,-5.3,0,0,0
31,IDN,Indonesia,1900,0,,0,1,2.4829,0.001,,,Series already adjusted for 100-to-1 conversion here; National currency per USD,"1817-1949-Netherlands East Indies guilder, 1949-present-Rupiah",IDXRXDE.,Primary source is US dollar level; alt1 series is adjusted series US dollar level.,0,,0,0,,0,n/a,0.7,0,0,0
31,IDN,Indonesia,1901,0,,0,1,2.4836,0.001,,,Series already adjusted for 100-to-1 conversion here; National currency per USD,"1817-1949-Netherlands East Indies guilder, 1949-present-Rupiah",IDXRXDE.,Primary source is US dollar level; alt1 series is adjusted series US dollar level.,0,,0,0,,0,n/a,21.5,0,0,1
31,IDN,Indonesia,1902,0,,0,1,2.4872,0.001,,,Series already adjusted for 100-to-1 conversion here; National currency per USD,"1817-1949-Netherlands East Indies guilder, 1949-present-Rupiah",IDXRXDE.,Primary source is US dollar level; alt1 series is adjusted series US dollar level.,0,,0,0,,0,n/a,-6.8,0,0,0
31,IDN,Indonesia,1903,0,,0,1,2.4889,0.001,,,Series already adjusted for 100-to-1 conversion here; National currency per USD,"1817-1949-Netherlands East Indies guilder, 1949-present-Rupiah",IDXRXDE.,Primary source is US dollar level; alt1 series is adjusted series US dollar level.,0,,0,0,,0,n/a,4.0,0,0,0
31,IDN,Indonesia,1904,0,,0,1,2.4734,0.001,,,Series already adjusted for 100-to-1 conversion here; National currency per USD,"1817-1949-Netherlands East Indies guilder, 1949-present-Rupiah",IDXRXDE.,Primary source is US dollar level; alt1 series is adjusted series US dollar level.,0,,0,0,,0,n/a,-7.5,0,0,0
31,IDN,Indonesia,1905,0,,0,1,2.4854,0.001,,,Series already adjusted for 100-to-1 conversion here; National currency per USD,"1817-1949-Netherlands East Indies guilder, 1949-present-Rupiah",IDXRXDE.,Primary source is US dollar level; alt1 series is adjusted series US dollar level.,0,,0,0,,0,n/a,-3.4,0,0,0
31,IDN,Indonesia,1906,0,,0,1,2.4952,0.001,,,Series already adjusted for 100-to-1 conversion here; National currency per USD,"1817-1949-Netherlands East Indies guilder, 1949-present-Rupiah",IDXRXDE.,Primary source is US dollar level; alt1 series is adjusted series US dollar level.,0,,0,0,,0,n/a,5.7,0,0,0
31,IDN,Indonesia,1907,0,,0,1,2.4864,0.001,,,Series already adjusted for 100-to-1 conversion here; National currency per USD,"1817-1949-Netherlands East Indies guilder, 1949-present-Rupiah",IDXRXDE.,Primary source is US dollar level; alt1 series is adjusted series US dollar level.,0,,0,0,,0,n/a,12.6,0,0,0
31,IDN,Indonesia,1908,0,,0,1,2.4761,0.001,,,Series already adjusted for 100-to-1 conversion here; National currency per USD,"1817-1949-Netherlands East Indies guilder, 1949-present-Rupiah",IDXRXDE.,Primary source is US dollar level; alt1 series is adjusted series US dollar level.,0,,0,0,,0,n/a,5.4,0,0,0
31,IDN,Indonesia,1909,0,,0,1,2.4852,0.001,,,Series already adjusted for 100-to-1 conversion here; National currency per USD,"1817-1949-Netherlands East Indies guilder, 1949-present-Rupiah",IDXRXDE.,Primary source is US dollar level; alt1 series is adjusted series US dollar level.,0,,0,0,,0,n/a,-7.3,0,0,0
31,IDN,Indonesia,1910,0,,0,1,2.483,0.001,,,Series already adjusted for 100-to-1 conversion here; National currency per USD,"1817-1949-Netherlands East Indies guilder, 1949-present-Rupiah",IDXRXDE.,Primary source is US dollar level; alt1 series is adjusted series US dollar level.,0,,0,0,,0,n/a,0.4,0,0,0
31,IDN,Indonesia,1911,0,,0,1,2.479,0.001,,,Series already adjusted for 100-to-1 conversion here; National currency per USD,"1817-1949-Netherlands East Indies guilder, 1949-present-Rupiah",IDXRXDE.,Primary source is US dollar level; alt1 series is adjusted series US dollar level.,0,,0,0,,0,n/a,9.1,0,0,0
31,IDN,Indonesia,1912,0,,0,1,2.4846,0.001,,,Series already adjusted for 100-to-1 conversion here; National currency per USD,"1817-1949-Netherlands East Indies guilder, 1949-present-Rupiah",IDXRXDE.,Primary source is US dollar level; alt1 series is adjusted series US dollar level.,0,,0,0,,0,n/a,13.6,0,0,0
31,IDN,Indonesia,1913,0,,0,1,2.498,0.001,,,Series already adjusted for 100-to-1 conversion here; National currency per USD,"1817-1949-Netherlands East Indies guilder, 1949-present-Rupiah",IDXRXDE.,Primary source is US dollar level; alt1 series is adjusted series US dollar level.,0,,0,0,,0,n/a,-8.0,0,0,0
31,IDN,Indonesia,1914,0,,0,1,2.4691,0.001,,,Series already adjusted for 100-to-1 conversion here; National currency per USD,"1817-1949-Netherlands East Indies guilder, 1949-present-Rupiah",IDXRXDE.,Primary source is US dollar level; alt1 series is adjusted series US dollar level.,0,,0,0,,0,n/a,-2.5,0,0,0
31,IDN,Indonesia,1915,0,,0,0,2.3327,0,,,Series already adjusted for 100-to-1 conversion here; National currency per USD,"1817-1949-Netherlands East Indies guilder, 1949-present-Rupiah",IDXRXDE.,Primary source is US dollar level; alt1 series is adjusted series US dollar level.,0,,0,0,,0,n/a,-1.8,0,0,0
31,IDN,Indonesia,1916,0,,0,0,2.4466,0,,,Series already adjusted for 100-to-1 conversion here; National currency per USD,"1817-1949-Netherlands East Indies guilder, 1949-present-Rupiah",IDXRXDE.,Primary source is US dollar level; alt1 series is adjusted series US dollar level.,0,,0,0,,0,n/a,9.2,0,0,0
31,IDN,Indonesia,1917,0,,0,0,2.2622,0,,,Series already adjusted for 100-to-1 conversion here; National currency per USD,"1817-1949-Netherlands East Indies guilder, 1949-present-Rupiah",IDXRXDE.,Primary source is US dollar level; alt1 series is adjusted series US dollar level.,0,,0,0,,0,n/a,12.0,0,0,0
31,IDN,Indonesia,1918,0,,0,0,2.3449,0,,,Series already adjusted for 100-to-1 conversion here; National currency per USD,"1817-1949-Netherlands East Indies guilder, 1949-present-Rupiah",IDXRXDE.,Primary source is US dollar level; alt1 series is adjusted series US dollar level.,0,,0,0,,0,n/a,27.9,0,0,1
31,IDN,Indonesia,1919,0,,0,0,2.6419,0,,,Series already adjusted for 100-to-1 conversion here; National currency per USD,"1817-1949-Netherlands East Indies guilder, 1949-present-Rupiah",IDXRXDE.,Primary source is US dollar level; alt1 series is adjusted series US dollar level.,0,,0,0,,0,n/a,3.6,0,0,0
31,IDN,Indonesia,1920,0,,0,0,3.2308,0,,,Series already adjusted for 100-to-1 conversion here; National currency per USD,"1817-1949-Netherlands East Indies guilder, 1949-present-Rupiah",IDXRXDE.,Primary source is US dollar level; alt1 series is adjusted series US dollar level.,0,,0,0,,0,n/a,57.5,0,0,1
31,IDN,Indonesia,1921,0,,0,0,2.754,0,,,Series already adjusted for 100-to-1 conversion here; National currency per USD,"1817-1949-Netherlands East Indies guilder, 1949-present-Rupiah",IDXRXDE.,Primary source is US dollar level; alt1 series is adjusted series US dollar level.,0,,0,0,,0,n/a,-20.4,0,0,0
31,IDN,Indonesia,1922,0,,0,0,2.5102,0,,,Series already adjusted for 100-to-1 conversion here; National currency per USD,"1817-1949-Netherlands East Indies guilder, 1949-present-Rupiah",IDXRXDE.,Primary source is US dollar level; alt1 series is adjusted series US dollar level.,0,,0,0,,0,n/a,-18.3,0,0,0
31,IDN,Indonesia,1923,0,,0,0,2.677,0,,,Series already adjusted for 100-to-1 conversion here; National currency per USD,"1817-1949-Netherlands East Indies guilder, 1949-present-Rupiah",IDXRXDE.,Primary source is US dollar level; alt1 series is adjusted series US dollar level.,0,,0,0,,0,n/a,-7.1,0,0,0
31,IDN,Indonesia,1924,0,,0,0,2.4988,0,,,Series already adjusted for 100-to-1 conversion here; National currency per USD,"1817-1949-Netherlands East Indies guilder, 1949-present-Rupiah",IDXRXDE.,Primary source is US dollar level; alt1 series is adjusted series US dollar level.,0,,0,0,,0,n/a,1.0,0,0,0
31,IDN,Indonesia,1925,0,,0,0,2.457,0,,,Series already adjusted for 100-to-1 conversion here; National currency per USD,"1817-1949-Netherlands East Indies guilder, 1949-present-Rupiah",IDXRXDE.,Primary source is US dollar level; alt1 series is adjusted series US dollar level.,0,,0,0,,0,n/a,-3.5,0,0,0
31,IDN,Indonesia,1926,0,,0,0,2.4845,0,,,Series already adjusted for 100-to-1 conversion here; National currency per USD,"1817-1949-Netherlands East Indies guilder, 1949-present-Rupiah",IDXRXDE.,Primary source is US dollar level; alt1 series is adjusted series US dollar level.,0,,0,0,,0,n/a,0.0,0,0,0
31,IDN,Indonesia,1927,0,,0,0,2.477,0,,,Series already adjusted for 100-to-1 conversion here; National currency per USD,"1817-1949-Netherlands East Indies guilder, 1949-present-Rupiah",IDXRXDE.,Primary source is US dollar level; alt1 series is adjusted series US dollar level.,0,,0,0,,0,n/a,-5.4,0,0,0
31,IDN,Indonesia,1928,0,,0,0,2.4938,0,,,Series already adjusted for 100-to-1 conversion here; National currency per USD,"1817-1949-Netherlands East Indies guilder, 1949-present-Rupiah",IDXRXDE.,Primary source is US dollar level; alt1 series is adjusted series US dollar level.,0,,0,0,,0,n/a,-1.8,0,0,0
31,IDN,Indonesia,1929,0,,0,0,2.4814,0,,,Series already adjusted for 100-to-1 conversion here; National currency per USD,"1817-1949-Netherlands East Indies guilder, 1949-present-Rupiah",IDXRXDE.,Primary source is US dollar level; alt1 series is adjusted series US dollar level.,0,,0,0,,0,n/a,2.2,0,0,0
31,IDN,Indonesia,1930,0,,0,0,2.4814,0,,,Series already adjusted for 100-to-1 conversion here; National currency per USD,"1817-1949-Netherlands East Indies guilder, 1949-present-Rupiah",IDXRXDE.,Primary source is US dollar level; alt1 series is adjusted series US dollar level.,0,,0,0,,0,n/a,-2.8,0,0,0
31,IDN,Indonesia,1931,0,,0,0,2.4876,0,,,Series already adjusted for 100-to-1 conversion here; National currency per USD,"1817-1949-Netherlands East Indies guilder, 1949-present-Rupiah",IDXRXDE.,Primary source is US dollar level; alt1 series is adjusted series US dollar level.,0,,0,0,,0,n/a,-22.5,0,0,0
31,IDN,Indonesia,1932,0,,0,0,2.4869,0,,,Series already adjusted for 100-to-1 conversion here; National currency per USD,"1817-1949-Netherlands East Indies guilder, 1949-present-Rupiah",IDXRXDE.,Primary source is US dollar level; alt1 series is adjusted series US dollar level.,0,,0,0,,0,n/a,-17.3,0,0,0
31,IDN,Indonesia,1933,0,,0,0,1.5803,0,,,Series already adjusted for 100-to-1 conversion here; National currency per USD,"1817-1949-Netherlands East Indies guilder, 1949-present-Rupiah",IDXRXDE.,Primary source is US dollar level; alt1 series is adjusted series US dollar level.,0,,0,0,,0,n/a,-15.4,0,0,0
31,IDN,Indonesia,1934,0,,0,0,1.4717,0,,,Series already adjusted for 100-to-1 conversion here; National currency per USD,"1817-1949-Netherlands East Indies guilder, 1949-present-Rupiah",IDXRXDE.,Primary source is US dollar level; alt1 series is adjusted series US dollar level.,0,,0,0,,0,n/a,-5.5,0,0,0
31,IDN,Indonesia,1935,0,,0,0,1.4599,0,,,Series already adjusted for 100-to-1 conversion here; National currency per USD,"1817-1949-Netherlands East Indies guilder, 1949-present-Rupiah",IDXRXDE.,Primary source is US dollar level; alt1 series is adjusted series US dollar level.,0,,0,0,,0,n/a,-2.3,0,0,0
31,IDN,Indonesia,1936,0,,0,0,1.8217,0,,,Series already adjusted for 100-to-1 conversion here; National currency per USD,"1817-1949-Netherlands East Indies guilder, 1949-present-Rupiah",IDXRXDE.,Primary source is US dollar level; alt1 series is adjusted series US dollar level.,0,,0,0,,0,n/a,-4.6,0,0,0
31,IDN,Indonesia,1937,0,,0,0,1.7951,0,,,Series already adjusted for 100-to-1 conversion here; National currency per USD,"1817-1949-Netherlands East Indies guilder, 1949-present-Rupiah",IDXRXDE.,Primary source is US dollar level; alt1 series is adjusted series US dollar level.,0,,0,0,,0,n/a,15.8,0,0,0
31,IDN,Indonesia,1938,0,,0,0,1.8354,0,,,Series already adjusted for 100-to-1 conversion here; National currency per USD,"1817-1949-Netherlands East Indies guilder, 1949-present-Rupiah",IDXRXDE.,Primary source is US dollar level; alt1 series is adjusted series US dollar level.,0,,0,0,,0,n/a,2.0,0,0,0
31,IDN,Indonesia,1939,0,,0,0,1.8704,0,,,Series already adjusted for 100-to-1 conversion here; National currency per USD,"1817-1949-Netherlands East Indies guilder, 1949-present-Rupiah",IDXRXDE.,Primary source is US dollar level; alt1 series is adjusted series US dollar level.,0,,0,0,,0,n/a,12.8,0,0,0
31,IDN,Indonesia,1940,0,,0,0,1.8835,0,,,Series already adjusted for 100-to-1 conversion here; National currency per USD,"1817-1949-Netherlands East Indies guilder, 1949-present-Rupiah",IDXRXDE.,Primary source is US dollar level; alt1 series is adjusted series US dollar level.,0,,0,0,,0,n/a,-7.6,0,0,0
31,IDN,Indonesia,1941,0,,0,0,1.8835,0,,,Series already adjusted for 100-to-1 conversion here; National currency per USD,"1817-1949-Netherlands East Indies guilder, 1949-present-Rupiah",IDXRXDE.,Primary source is US dollar level; alt1 series is adjusted series US dollar level.,0,,0,0,,0,n/a,10.4,0,0,0
31,IDN,Indonesia,1942,0,,0,0,1.8835,0,,,Series already adjusted for 100-to-1 conversion here; National currency per USD,"1817-1949-Netherlands East Indies guilder, 1949-present-Rupiah",IDXRXDE.,Primary source is US dollar level; alt1 series is adjusted series US dollar level.,0,,0,0,,0,n/a,42.9,0,0,1
31,IDN,Indonesia,1943,0,,0,0,1.8835,0,,,Series already adjusted for 100-to-1 conversion here; National currency per USD,"1817-1949-Netherlands East Indies guilder, 1949-present-Rupiah",IDXRXDE.,Primary source is US dollar level; alt1 series is adjusted series US dollar level.,0,,0,0,,0,n/a,-6.4,0,0,0
31,IDN,Indonesia,1944,0,,0,0,1.8835,0,,,Series already adjusted for 100-to-1 conversion here; National currency per USD,"1817-1949-Netherlands East Indies guilder, 1949-present-Rupiah",IDXRXDE.,Primary source is US dollar level; alt1 series is adjusted series US dollar level.,0,,0,0,,0,n/a,49.4,0,0,1
31,IDN,Indonesia,1945,0,,0,0,1.8841,0,,,Series already adjusted for 100-to-1 conversion here; National currency per USD,"1817-1949-Netherlands East Indies guilder, 1949-present-Rupiah",IDXRXDE.,Primary source is US dollar level; alt1 series is adjusted series US dollar level.,0,,0,0,,0,n/a,40.2,1,0,1
31,IDN,Indonesia,1946,0,,0,0,0,0.002653,,,Series already adjusted for 100-to-1 conversion here; National currency per USD,"1817-1949-Netherlands East Indies guilder, 1949-present-Rupiah",IDXRXDE.,Primary source is US dollar level; alt1 series is adjusted series US dollar level.,0,,0,0,,0,n/a,72.8,1,0,1
31,IDN,Indonesia,1947,0,,0,0,0,0.002653,,,Series already adjusted for 100-to-1 conversion here; National currency per USD,"1817-1949-Netherlands East Indies guilder, 1949-present-Rupiah",IDXRXDE.,Primary source is US dollar level; alt1 series is adjusted series US dollar level.,0,,0,0,,0,n/a,42.1,1,0,1
31,IDN,Indonesia,1948,0,,0,0,0,0.002653,,,Series already adjusted for 100-to-1 conversion here; National currency per USD,"1817-1949-Netherlands East Indies guilder, 1949-present-Rupiah",IDXRXDE.,Primary source is US dollar level; alt1 series is adjusted series US dollar level.,0,,0,0,,0,n/a,29.6,1,1,1
31,IDN,Indonesia,1949,0,,0,0,0,0.0038,,,Series already adjusted for 100-to-1 conversion here; National currency per USD,"1817-1949-Netherlands East Indies guilder, 1949-present-Rupiah",IDXRXDE.,Primary source is US dollar level; alt1 series is adjusted series US dollar level.,0,,0,0,,0,n/a,4.0,1,1,0
31,IDN,Indonesia,1950,0,,0,0,0,0.0038,,,Series already adjusted for 100-to-1 conversion here; National currency per USD,"1817-1949-Netherlands East Indies guilder, 1949-present-Rupiah",IDXRXDE.,Primary source is US dollar level; alt1 series is adjusted series US dollar level.,0,,0,0,,0,n/a,23.3,1,0,1
31,IDN,Indonesia,1951,0,,0,0,0,0.0038,,,Series already adjusted for 100-to-1 conversion here; National currency per USD,"1817-1949-Netherlands East Indies guilder, 1949-present-Rupiah",IDXRXDE.,Primary source is US dollar level; alt1 series is adjusted series US dollar level.,0,,0,0,,0,n/a,70.3,1,0,1
31,IDN,Indonesia,1952,0,,0,0,0,0.0114,,,Series already adjusted for 100-to-1 conversion here; National currency per USD,"1817-1949-Netherlands East Indies guilder, 1949-present-Rupiah",IDXRXDE.,Primary source is US dollar level; alt1 series is adjusted series US dollar level.,0,,0,0,,0,n/a,-2.1,1,1,0
31,IDN,Indonesia,1953,0,,0,0,0,0.0114,,,Series already adjusted for 100-to-1 conversion here; National currency per USD,"1817-1949-Netherlands East Indies guilder, 1949-present-Rupiah",IDXRXDE.,Primary source is US dollar level; alt1 series is adjusted series US dollar level.,0,,0,0,,0,n/a,8.6,1,1,0
31,IDN,Indonesia,1954,0,,0,0,0,0.0114,,,Series already adjusted for 100-to-1 conversion here; National currency per USD,"1817-1949-Netherlands East Indies guilder, 1949-present-Rupiah",IDXRXDE.,Primary source is US dollar level; alt1 series is adjusted series US dollar level.,0,,0,0,,0,n/a,8.8,1,1,0
31,IDN,Indonesia,1955,0,,0,0,0,0.0114,,,Series already adjusted for 100-to-1 conversion here; National currency per USD,"1817-1949-Netherlands East Indies guilder, 1949-present-Rupiah",IDXRXDE.,Primary source is US dollar level; alt1 series is adjusted series US dollar level.,0,,0,0,,0,n/a,34.0,1,0,1
31,IDN,Indonesia,1956,0,,0,0,0,0.0114,,,Series already adjusted for 100-to-1 conversion here; National currency per USD,"1817-1949-Netherlands East Indies guilder, 1949-present-Rupiah",IDXRXDE.,Primary source is US dollar level; alt1 series is adjusted series US dollar level.,0,,0,0,,0,n/a,6.3,1,0,0
31,IDN,Indonesia,1957,0,,0,0,0,0.023251,,,Series already adjusted for 100-to-1 conversion here; National currency per USD,"1817-1949-Netherlands East Indies guilder, 1949-present-Rupiah",IDXRXDE.,Primary source is US dollar level; alt1 series is adjusted series US dollar level.,0,,0,0,,0,n/a,32.6,1,1,1
31,IDN,Indonesia,1958,0,,0,0,0,0.03785,,,Series already adjusted for 100-to-1 conversion here; National currency per USD,"1817-1949-Netherlands East Indies guilder, 1949-present-Rupiah",IDXRXDE.,Primary source is US dollar level; alt1 series is adjusted series US dollar level.,0,,0,0,,0,n/a,31.6,1,1,1
31,IDN,Indonesia,1959,0,,0,0,0,0.045,,,Series already adjusted for 100-to-1 conversion here; National currency per USD,"1817-1949-Netherlands East Indies guilder, 1949-present-Rupiah",IDXRXDE.,Primary source is US dollar level; alt1 series is adjusted series US dollar level.,0,,0,0,,0,n/a,17.1,1,1,0
31,IDN,Indonesia,1960,0,,0,0,0,0.045,,,Series already adjusted for 100-to-1 conversion here; National currency per USD,"1817-1949-Netherlands East Indies guilder, 1949-present-Rupiah",IDXRXDE.,Primary source is US dollar level; alt1 series is adjusted series US dollar level.,0,,0,0,,0,n/a,27.2,1,0,1
31,IDN,Indonesia,1961,0,,0,0,0,0.045,,,Series already adjusted for 100-to-1 conversion here; National currency per USD,"1817-1949-Netherlands East Indies guilder, 1949-present-Rupiah",IDXRXDE.,Primary source is US dollar level; alt1 series is adjusted series US dollar level.,0,,0,0,,0,n/a,52.0,1,0,1
31,IDN,Indonesia,1962,0,,0,0,0,0.045,,,Series already adjusted for 100-to-1 conversion here; National currency per USD,"1817-1949-Netherlands East Indies guilder, 1949-present-Rupiah",IDXRXDE.,Primary source is US dollar level; alt1 series is adjusted series US dollar level.,0,,0,0,,0,n/a,174.1,1,1,1
31,IDN,Indonesia,1963,0,,0,0,0,0.045,,,Series already adjusted for 100-to-1 conversion here; National currency per USD,"1817-1949-Netherlands East Indies guilder, 1949-present-Rupiah",IDXRXDE.,Primary source is US dollar level; alt1 series is adjusted series US dollar level.,0,,0,0,,0,n/a,121.5,1,1,1
31,IDN,Indonesia,1964,0,,0,0,0,0.25,,,Series already adjusted for 100-to-1 conversion here; National currency per USD,"1817-1949-Netherlands East Indies guilder, 1949-present-Rupiah",IDXRXDE.,Primary source is US dollar level; alt1 series is adjusted series US dollar level.,0,,0,0,,0,n/a,87.7,1,1,1
31,IDN,Indonesia,1965,0,,0,0,10,10,,,Series already adjusted for 100-to-1 conversion here; National currency per USD,"1817-1949-Netherlands East Indies guilder, 1949-present-Rupiah",IDXRXDE.,Primary source is US dollar level; alt1 series is adjusted series US dollar level.,0,,0,0,,0,n/a,290.7,1,0,1
31,IDN,Indonesia,1966,0,,0,0,10,10,,,Series already adjusted for 100-to-1 conversion here; National currency per USD,"1817-1949-Netherlands East Indies guilder, 1949-present-Rupiah",IDXRXDE.,Primary source is US dollar level; alt1 series is adjusted series US dollar level.,0,,1,1,,1.65,n/a,939.9,1,1,1
31,IDN,Indonesia,1967,0,,0,0,220.5,220.5,,,Series already adjusted for 100-to-1 conversion here; National currency per USD,"1817-1949-Netherlands East Indies guilder, 1949-present-Rupiah",IDXRXDE.,Primary source is US dollar level; alt1 series is adjusted series US dollar level.,0,,1,1,,1.65,n/a,127.6,1,1,1
31,IDN,Indonesia,1968,0,,0,0,326,326,,,Series already adjusted for 100-to-1 conversion here; National currency per USD,"1817-1949-Netherlands East Indies guilder, 1949-present-Rupiah",IDXRXDE.,Primary source is US dollar level; alt1 series is adjusted series US dollar level.,0,,1,1,,1.65,n/a,111.8,1,1,1
31,IDN,Indonesia,1969,0,,0,0,326,326,,,Series already adjusted for 100-to-1 conversion here; National currency per USD,"1817-1949-Netherlands East Indies guilder, 1949-present-Rupiah",IDXRXDE.,Primary source is US dollar level; alt1 series is adjusted series US dollar level.,0,,1,1,,1.65,n/a,14.6,1,0,0
31,IDN,Indonesia,1970,0,,0,0,378,378,,,Series already adjusted for 100-to-1 conversion here; National currency per USD,"1817-1949-Netherlands East Indies guilder, 1949-present-Rupiah",IDXRXDE.,Primary source is US dollar level; alt1 series is adjusted series US dollar level.,0,,1,1,,1.65,n/a,11.4,1,0,0
31,IDN,Indonesia,1971,0,,0,0,415,415,,,Series already adjusted for 100-to-1 conversion here; National currency per USD,"1817-1949-Netherlands East Indies guilder, 1949-present-Rupiah",IDXRXDE.,Primary source is US dollar level; alt1 series is adjusted series US dollar level.,0,,0,0,,0,n/a,3.6,1,0,0
31,IDN,Indonesia,1972,0,,0,0,415,415,,,Series already adjusted for 100-to-1 conversion here; National currency per USD,"1817-1949-Netherlands East Indies guilder, 1949-present-Rupiah",IDXRXDE.,Primary source is US dollar level; alt1 series is adjusted series US dollar level.,0,,0,0,,0,n/a,12.9,1,0,0
31,IDN,Indonesia,1973,0,,0,0,415,415,,,Series already adjusted for 100-to-1 conversion here; National currency per USD,"1817-1949-Netherlands East Indies guilder, 1949-present-Rupiah",IDXRXDE.,Primary source is US dollar level; alt1 series is adjusted series US dollar level.,0,,0,0,,0,n/a,29.8,1,0,1
31,IDN,Indonesia,1974,0,,0,0,415,415,,,Series already adjusted for 100-to-1 conversion here; National currency per USD,"1817-1949-Netherlands East Indies guilder, 1949-present-Rupiah",IDXRXDE.,Primary source is US dollar level; alt1 series is adjusted series US dollar level.,0,,0,0,,0,n/a,38.2,1,0,1
31,IDN,Indonesia,1975,0,,0,0,415,415,,,Series already adjusted for 100-to-1 conversion here; National currency per USD,"1817-1949-Netherlands East Indies guilder, 1949-present-Rupiah",IDXRXDE.,Primary source is US dollar level; alt1 series is adjusted series US dollar level.,0,,0,0,,0,n/a,19.3,1,0,0
31,IDN,Indonesia,1976,0,,0,0,415,415,,,Series already adjusted for 100-to-1 conversion here; National currency per USD,"1817-1949-Netherlands East Indies guilder, 1949-present-Rupiah",IDXRXDE.,Primary source is US dollar level; alt1 series is adjusted series US dollar level.,0,,0,0,,0,n/a,18.0,1,0,0
31,IDN,Indonesia,1977,0,,0,0,415,415,,,Series already adjusted for 100-to-1 conversion here; National currency per USD,"1817-1949-Netherlands East Indies guilder, 1949-present-Rupiah",IDXRXDE.,Primary source is US dollar level; alt1 series is adjusted series US dollar level.,0,,0,0,,0,1,11.3,1,0,0
31,IDN,Indonesia,1978,0,,0,0,625,625,,,Series already adjusted for 100-to-1 conversion here; National currency per USD,"1817-1949-Netherlands East Indies guilder, 1949-present-Rupiah",IDXRXDE.,Primary source is US dollar level; alt1 series is adjusted series US dollar level.,0,,0,0,,0,0,7.6,1,1,0
31,IDN,Indonesia,1979,0,,0,0,627.022,627.022,,,Series already adjusted for 100-to-1 conversion here; National currency per USD,"1817-1949-Netherlands East Indies guilder, 1949-present-Rupiah",IDXRXDE.,Primary source is US dollar level; alt1 series is adjusted series US dollar level.,0,,0,0,,0,1,21.0,1,0,1
31,IDN,Indonesia,1980,0,,0,0,626.75,626.75,,,Series already adjusted for 100-to-1 conversion here; National currency per USD,"1817-1949-Netherlands East Indies guilder, 1949-present-Rupiah",IDXRXDE.,Primary source is US dollar level; alt1 series is adjusted series US dollar level.,0,,0,0,,0,1,18.0,1,0,0
31,IDN,Indonesia,1981,0,,0,0,644,644,,,Series already adjusted for 100-to-1 conversion here; National currency per USD,"1817-1949-Netherlands East Indies guilder, 1949-present-Rupiah",IDXRXDE.,Primary source is US dollar level; alt1 series is adjusted series US dollar level.,0,,0,0,,0,0,12.2,1,0,0
31,IDN,Indonesia,1982,0,,0,0,692.5,692.5,,,Series already adjusted for 100-to-1 conversion here; National currency per USD,"1817-1949-Netherlands East Indies guilder, 1949-present-Rupiah",IDXRXDE.,Primary source is US dollar level; alt1 series is adjusted series US dollar level.,0,,0,0,,0,0,9.5,1,0,0
31,IDN,Indonesia,1983,0,,0,0,994,994,,,Series already adjusted for 100-to-1 conversion here; National currency per USD,"1817-1949-Netherlands East Indies guilder, 1949-present-Rupiah",IDXRXDE.,Primary source is US dollar level; alt1 series is adjusted series US dollar level.,0,,0,0,,0,0,11.8,1,1,0
31,IDN,Indonesia,1984,0,,0,0,1074,1074,,,Series already adjusted for 100-to-1 conversion here; National currency per USD,"1817-1949-Netherlands East Indies guilder, 1949-present-Rupiah",IDXRXDE.,Primary source is US dollar level; alt1 series is adjusted series US dollar level.,0,,0,0,,0,1,10.3,1,0,0
31,IDN,Indonesia,1985,0,,0,0,1125,1125,,,Series already adjusted for 100-to-1 conversion here; National currency per USD,"1817-1949-Netherlands East Indies guilder, 1949-present-Rupiah",IDXRXDE.,Primary source is US dollar level; alt1 series is adjusted series US dollar level.,0,,0,0,,0,0,4.7,1,0,0
31,IDN,Indonesia,1986,0,,0,0,1641,1641,,,Series already adjusted for 100-to-1 conversion here; National currency per USD,"1817-1949-Netherlands East Indies guilder, 1949-present-Rupiah",IDXRXDE.,Primary source is US dollar level; alt1 series is adjusted series US dollar level.,0,,0,0,,0,0,5.8,1,1,0
31,IDN,Indonesia,1987,0,,0,0,1650,1650,,,Series already adjusted for 100-to-1 conversion here; National currency per USD,"1817-1949-Netherlands East Indies guilder, 1949-present-Rupiah",IDXRXDE.,Primary source is US dollar level; alt1 series is adjusted series US dollar level.,0,,0,0,,0,0,9.3,1,0,0
31,IDN,Indonesia,1988,0,,0,0,1731,1731,,,Series already adjusted for 100-to-1 conversion here; National currency per USD,"1817-1949-Netherlands East Indies guilder, 1949-present-Rupiah",IDXRXDE.,Primary source is US dollar level; alt1 series is adjusted series US dollar level.,0,,0,0,,0,0,8.0,1,0,0
31,IDN,Indonesia,1989,0,,0,0,1797,1797,,,Series already adjusted for 100-to-1 conversion here; National currency per USD,"1817-1949-Netherlands East Indies guilder, 1949-present-Rupiah",IDXRXDE.,Primary source is US dollar level; alt1 series is adjusted series US dollar level.,0,,0,0,,0,0,6.4,1,0,0
31,IDN,Indonesia,1990,0,,0,0,1901,1901,,,Series already adjusted for 100-to-1 conversion here; National currency per USD,"1817-1949-Netherlands East Indies guilder, 1949-present-Rupiah",IDXRXDE.,Primary source is US dollar level; alt1 series is adjusted series US dollar level.,0,,0,0,,0,0,7.8,1,0,0
31,IDN,Indonesia,1991,0,,0,0,1992,1992,,,Series already adjusted for 100-to-1 conversion here; National currency per USD,"1817-1949-Netherlands East Indies guilder, 1949-present-Rupiah",IDXRXDE.,Primary source is US dollar level; alt1 series is adjusted series US dollar level.,0,,0,0,,0,1,9.4,1,0,0
31,IDN,Indonesia,1992,1,A large bank (Bank Summa) collapses and triggers runs on three smaller banks.,0,0,2062,2062,,,Series already adjusted for 100-to-1 conversion here; National currency per USD,"1817-1949-Netherlands East Indies guilder, 1949-present-Rupiah",IDXRXDE.,Primary source is US dollar level; alt1 series is adjusted series US dollar level.,0,,0,0,,0,0,7.5,1,0,0
31,IDN,Indonesia,1993,0,,0,0,2110,2110,,,Series already adjusted for 100-to-1 conversion here; National currency per USD,"1817-1949-Netherlands East Indies guilder, 1949-present-Rupiah",IDXRXDE.,Primary source is US dollar level; alt1 series is adjusted series US dollar level.,0,,0,0,,0,0,9.7,1,0,0
31,IDN,Indonesia,1994,1,Nonperforming assets accounted for 14% of banking system assets with more than 70% in state banks.,0,0,2200,2200,,,Series already adjusted for 100-to-1 conversion here; National currency per USD,"1817-1949-Netherlands East Indies guilder, 1949-present-Rupiah",IDXRXDE.,Primary source is US dollar level; alt1 series is adjusted series US dollar level.,0,,0,0,,0,1,8.5,1,0,0
31,IDN,Indonesia,1995,0,,0,0,2308,2308,,,Series already adjusted for 100-to-1 conversion here; National currency per USD,"1817-1949-Netherlands East Indies guilder, 1949-present-Rupiah",IDXRXDE.,Primary source is US dollar level; alt1 series is adjusted series US dollar level.,0,,0,0,,0,0,9.4,1,0,0
31,IDN,Indonesia,1996,0,,0,0,2383,2383,,,Series already adjusted for 100-to-1 conversion here; National currency per USD,"1817-1949-Netherlands East Indies guilder, 1949-present-Rupiah",IDXRXDE.,Primary source is US dollar level; alt1 series is adjusted series US dollar level.,0,,0,0,,0,0,8.4,1,0,0
31,IDN,Indonesia,1997,1,"In early November, the Indonesian government closed 16 troubled private banks. Through May 2002, Bank Indonesia had closed 70 banks and nationalized 13 out of 237. Nonperforming loans were 65–75% of total loans at the peak of the crisis and fell to about 12% in February 2002.",1,0,4650,4650,,,Series already adjusted for 100-to-1 conversion here; National currency per USD,"1817-1949-Netherlands East Indies guilder, 1949-present-Rupiah",IDXRXDE.,Primary source is US dollar level; alt1 series is adjusted series US dollar level.,0,,0,0,,0,1,6.2,1,1,0
31,IDN,Indonesia,1998,1,"In early November, the Indonesian government closed 16 troubled private banks. Through May 2002, Bank Indonesia had closed 70 banks and nationalized 13 out of 237. Nonperforming loans were 65–75% of total loans at the peak of the crisis and fell to about 12% in February 2002.",1,0,8025,8025,,,Series already adjusted for 100-to-1 conversion here; National currency per USD,"1817-1949-Netherlands East Indies guilder, 1949-present-Rupiah",IDXRXDE.,Primary source is US dollar level; alt1 series is adjusted series US dollar level.,0,,0,0,,0,1,58.0,1,1,1
31,IDN,Indonesia,1999,1,"In early November, the Indonesian government closed 16 troubled private banks. Through May 2002, Bank Indonesia had closed 70 banks and nationalized 13 out of 237. Nonperforming loans were 65–75% of total loans at the peak of the crisis and fell to about 12% in February 2002.",1,0,7085,7085,,,Series already adjusted for 100-to-1 conversion here; National currency per USD,"1817-1949-Netherlands East Indies guilder, 1949-present-Rupiah",IDXRXDE.,Primary source is US dollar level; alt1 series is adjusted series US dollar level.,0,,1,1,,1.65,0,20.8,1,0,1
31,IDN,Indonesia,2000,1,"In early November, the Indonesian government closed 16 troubled private banks. Through May 2002, Bank Indonesia had closed 70 banks and nationalized 13 out of 237. Nonperforming loans were 65–75% of total loans at the peak of the crisis and fell to about 12% in February 2002.",1,0,9595,9595,,,Series already adjusted for 100-to-1 conversion here; National currency per USD,"1817-1949-Netherlands East Indies guilder, 1949-present-Rupiah",IDXRXDE.,Primary source is US dollar level; alt1 series is adjusted series US dollar level.,0,,1,1,,1.65,1,3.8,1,1,0
31,IDN,Indonesia,2001,1,"In early November, the Indonesian government closed 16 troubled private banks. Through May 2002, Bank Indonesia had closed 70 banks and nationalized 13 out of 237. Nonperforming loans were 65–75% of total loans at the peak of the crisis and fell to about 12% in February 2002.",1,0,10400,10400,,,Series already adjusted for 100-to-1 conversion here; National currency per USD,"1817-1949-Netherlands East Indies guilder, 1949-present-Rupiah",IDXRXDE.,Primary source is US dollar level; alt1 series is adjusted series US dollar level.,0,,0,0,,0,0,11.5,1,0,0
31,IDN,Indonesia,2002,1,"In early November, the Indonesian government closed 16 troubled private banks. Through May 2002, Bank Indonesia had closed 70 banks and nationalized 13 out of 237. Nonperforming loans were 65–75% of total loans at the peak of the crisis and fell to about 12% in February 2002.",1,0,8940,8940,,,Series already adjusted for 100-to-1 conversion here; National currency per USD,"1817-1949-Netherlands East Indies guilder, 1949-present-Rupiah",IDXRXDE.,Primary source is US dollar level; alt1 series is adjusted series US dollar level.,0,,1,1,,1.65,0,11.8,1,0,0
31,IDN,Indonesia,2003,0,,0,0,8465,8465,,,Series already adjusted for 100-to-1 conversion here; National currency per USD,"1817-1949-Netherlands East Indies guilder, 1949-present-Rupiah",IDXRXDE.,Primary source is US dollar level; alt1 series is adjusted series US dollar level.,0,,0,0,,0,0,6.8,1,0,0
31,IDN,Indonesia,2004,0,,0,0,9290,9290,,,Series already adjusted for 100-to-1 conversion here; National currency per USD,"1817-1949-Netherlands East Indies guilder, 1949-present-Rupiah",IDXRXDE.,Primary source is US dollar level; alt1 series is adjusted series US dollar level.,0,,0,0,,0,0,6.1,1,0,0
31,IDN,Indonesia,2005,0,,0,0,9830,9830,,,Series already adjusted for 100-to-1 conversion here; National currency per USD,"1817-1949-Netherlands East Indies guilder, 1949-present-Rupiah",IDXRXDE.,Primary source is US dollar level; alt1 series is adjusted series US dollar level.,0,,0,0,,0,0,10.5,1,0,0
31,IDN,Indonesia,2006,0,,0,0,9020,9020,,,Series already adjusted for 100-to-1 conversion here; National currency per USD,"1817-1949-Netherlands East Indies guilder, 1949-present-Rupiah",IDXRXDE.,Primary source is US dollar level; alt1 series is adjusted series US dollar level.,0,,0,0,,0,0,13.1,1,0,0
31,IDN,Indonesia,2007,0,,0,0,9419,9419,,,Series already adjusted for 100-to-1 conversion here; National currency per USD,"1817-1949-Netherlands East Indies guilder, 1949-present-Rupiah",IDXRXDE.,Primary source is US dollar level; alt1 series is adjusted series US dollar level.,0,,0,0,,0,0,6.7,1,0,0
31,IDN,Indonesia,2008,0,,0,0,10950,10950,,,Series already adjusted for 100-to-1 conversion here; National currency per USD,"1817-1949-Netherlands East Indies guilder, 1949-present-Rupiah",IDXRXDE.,Primary source is US dollar level; alt1 series is adjusted series US dollar level.,0,,0,0,,0,1,9.8,1,1,0
31,IDN,Indonesia,2009,0,,0,0,9400,9400,,,Series already adjusted for 100-to-1 conversion here; National currency per USD,"1817-1949-Netherlands East Indies guilder, 1949-present-Rupiah",IDXRXDE.,Primary source is US dollar level; alt1 series is adjusted series US dollar level.,0,,0,0,,0,0,5.0,1,0,0
31,IDN,Indonesia,2010,0,,0,0,8991,8991,,,Series already adjusted for 100-to-1 conversion here; National currency per USD,"1817-1949-Netherlands East Indies guilder, 1949-present-Rupiah",IDXRXDE.,Primary source is US dollar level; alt1 series is adjusted series US dollar level.,0,,0,0,,0,0,5.1,1,0,0
31,IDN,Indonesia,2011,0,,0,0,9068,9068,,,Series already adjusted for 100-to-1 conversion here; National currency per USD,"1817-1949-Netherlands East Indies guilder, 1949-present-Rupiah",IDXRXDE.,Primary source is US dollar level; alt1 series is adjusted series US dollar level.,0,,0,0,,0,0,5.3,1,0,0
31,IDN,Indonesia,2012,0,,0,0,9670,9670,,,Series already adjusted for 100-to-1 conversion here; National currency per USD,"1817-1949-Netherlands East Indies guilder, 1949-present-Rupiah",IDXRXDE.,Primary source is US dollar level; alt1 series is adjusted series US dollar level.,0,,0,0,,0,0,4.0,1,0,0
31,IDN,Indonesia,2013,0,,0,0,12189,12189,,,Series already adjusted for 100-to-1 conversion here; National currency per USD,"1817-1949-Netherlands East Indies guilder, 1949-present-Rupiah",IDXRXDE.,Primary source is US dollar level; alt1 series is adjusted series US dollar level.,0,,0,0,,0,0,6.4,1,1,0
31,IDN,Indonesia,2014,0,,0,0,12440,12440,,,Series already adjusted for 100-to-1 conversion here; National currency per USD,"1817-1949-Netherlands East Indies guilder, 1949-present-Rupiah",IDXRXDE.,Primary source is US dollar level; alt1 series is adjusted series US dollar level.,0,,0,0,,0,0,6.4,1,0,0
31,IDN,Indonesia,2015,n/a,,0,0,13836,13781.75,,,Series already adjusted for 100-to-1 conversion here; National currency per USD,"1817-1949-Netherlands East Indies guilder, 1949-present-Rupiah",IDXRXDE.,Primary source is US dollar level; alt1 series is adjusted series US dollar level.,0,,0,0,,0,0,6.4,1,0,0
31,IDN,Indonesia,2016,n/a,,0,0,13906.8,,,,Series already adjusted for 100-to-1 conversion here; National currency per USD,"1817-1949-Netherlands East Indies guilder, 1949-present-Rupiah",IDXRXDE.,Primary source is Oxford Economics eop ,n/a,,0,0,,0,n/a,4.3,1,0,0